iso3c,country,region,income_group,income_group_2,cluster_pimsa,peq_estado,excl_tamaño,ocde,Pob_Agric_N,Pob_Agric_P,Pob_Ocup_N,Peq_prod_Agro_N,Peq_prod_Agro_P,SH.H2O.BASW.RU.ZS,SH.STA.BASS.RU.ZS,SL.AGR.EMPL.ZS,SP.POP.TOTL,SP.RUR.TOTL,SP.RUR.TOTL.ZS
AFG,Afghanistan,South Asia,Low income,04 Bajos ingresos,C4. Cap. escasa extensión c/peso campo,No peq. estado,No excluible,No OCDE,2680.5556666666666,40.585287226755106,6606.396,2554.692,95.44201633462897,47.55586908225397,61.67623227541944,48.11933021573847,32626693.636363637,24575825,75.395
AGO,Angola,Sub-Saharan Africa,Lower middle income,03 Medios-bajos ingresos,C4. Cap. escasa extensión c/peso campo,No peq. estado,No excluible,No OCDE,3435.4627499999997,48.55111312525612,6968.90825,3123.31025,92.05532363814342,73.68806567398607,79.62209460666476,53.59888749834254,27243657,10096063,37.32081818181818
ALB,Albania,Europe & Central Asia,Upper middle income,02 Medios-altos ingresos,C4. Cap. escasa extensión c/peso campo,No peq. estado,No excluible,No OCDE,473.67454545454547,41.506441214895794,1144.3287272727273,459.18636363636364,96.97264453190985,10.055508310361475,4.524177710193143,41.55274242653941,2889196.3636363638,1262943.9090909092,43.68981818181818
ARE,United Arab Emirates,Middle East & North Africa,High income,01 Altos ingresos,C1. Cap. avanzado,No peq. estado,No excluible,No OCDE,112.3,1.5367735980254353,7284.858,0.913,0.9341453858667876,0.0027218181818113862,0.07533999999999708,2.5322883883302945,8116490.545454546,1181241.2727272727,14.66909090909091
ARG,Argentina,Latin America & Caribbean,Upper middle income,02 Medios-altos ingresos,C1. Cap. avanzado,No peq. estado,No excluible,No OCDE,79.02333333333333,0.7215915734329288,11098.580666666667,23.764666666666667,26.152464633657655,8.052526109473106,23.731855552256448,0.6750415782011424,42994272.54545455,3707090.090909091,8.634818181818183
ARM,Armenia,Europe & Central Asia,Upper middle income,02 Medios-altos ingresos,C3. Cap. extensión c/peso campo,No peq. estado,No excluible,No OCDE,383.8922727272727,34.52442142177334,1111.3572727272726,369.3910909090909,96.20973187393007,1.9966575526288324,18.20686500450097,51.81484820905748,3009672.727272727,1106776.5454545454,36.775090909090906
ATG,Antigua and Barbuda,Latin America & Caribbean,High income,01 Altos ingresos,NA,Peq. estado,Excluíble,No OCDE,0.991,2.077393929230253,47.704,0.431,43.491422805247225,NA,NA,NA,NA,NA,NA
AUS,Australia,East Asia & Pacific,High income,01 Altos ingresos,C1. Cap. avanzado,No peq. estado,No excluible,OCDE,318.85381818181816,2.722016441888585,11717.422,150.14218181818183,47.25381164835358,NA,NA,NA,NA,NA,NA
AUT,Austria,Europe & Central Asia,High income,01 Altos ingresos,C1. Cap. avanzado,No peq. estado,No excluible,OCDE,188.6630909090909,4.558900550083277,4153.427363636363,133.64163636363637,70.6546130324235,0,0,4.561998510978583,8586537.636363637,3631107.1818181816,42.29709090909091
BDI,Burundi,Sub-Saharan Africa,Low income,04 Bajos ingresos,C5. Pequeña propiedad en el campo,No peq. estado,No excluible,No OCDE,3165.818,86.12820836498261,3675.704,3022.97,95.48780125705267,44.95979836078015,53.62203693012928,86.9031141801188,10660072.454545455,9391251.090909092,88.18590909090909
BEL,Belgium,Europe & Central Asia,High income,01 Altos ingresos,C1. Cap. avanzado,No peq. estado,No excluible,OCDE,55.81127272727273,1.2218347894977546,4579.945090909091,41.81518181818182,74.74637085107305,0,0.5123497295945185,1.2177158977432694,11191140.818181818,242703.81818181818,2.1712727272727292
BEN,Benin,Sub-Saharan Africa,Lower middle income,03 Medios-bajos ingresos,C4. Cap. escasa extensión c/peso campo,No peq. estado,No excluible,No OCDE,1470.3276666666668,42.747985020222536,3448.212666666667,1431.1796666666667,97.28728342837579,42.336430131381164,93.02098606987634,37.86200058868138,11067766.363636363,6049314.7272727275,54.811
BFA,Burkina Faso,Sub-Saharan Africa,Low income,04 Bajos ingresos,C4. Cap. escasa extensión c/peso campo,No peq. estado,No excluible,No OCDE,2828.9146666666666,42.22203215933359,5996.88,2752.424666666667,96.41979033644473,59.20945367619119,88.72542509638062,37.45796323861381,18277510.818181816,13316194.363636363,73.02727272727273
BGD,Bangladesh,South Asia,Lower middle income,03 Medios-bajos ingresos,C4. Cap. escasa extensión c/peso campo,No peq. estado,No excluible,No OCDE,25488.25766666667,44.33136448964004,57661.358,19288.957333333332,75.66162576363479,3.2966871356623955,55.12948875167553,43.79337195496782,157913759.8181818,104835861.72727273,66.45709090909091
BGR,Bulgaria,Europe & Central Asia,Upper middle income,02 Medios-altos ingresos,C2. Cap. extensión reciente c/desarrollo profundidad,No peq. estado,No excluible,No OCDE,207.28336363636365,6.7951557319784754,3049.0809090909092,97.00345454545455,46.869825203758836,1.7894501493709498,16.28476691149777,6.783054840384249,7215079,1902508.1818181819,26.346818181818183
BHS,"Bahamas, The",Latin America & Caribbean,High income,01 Altos ingresos,C1. Cap. avanzado,No peq. estado,No excluible,No OCDE,1.918,0.907606766828345,211.325,0.796,41.50156412930136,NA,NA,NA,NA,NA,NA
BIH,Bosnia and Herzegovina,Europe & Central Asia,Upper middle income,02 Medios-altos ingresos,C2. Cap. extensión reciente c/desarrollo profundidad,No peq. estado,No excluible,No OCDE,153.33218181818182,18.674452873307263,820.4331818181818,128.899,83.89301940464698,2.669536338620631,7.821714525749684,18.674461676487173,3584693.090909091,1905983.5454545454,53.12081818181818
BLR,Belarus,Europe & Central Asia,Upper middle income,02 Medios-altos ingresos,C2. Cap. extensión reciente c/desarrollo profundidad,No peq. estado,No excluible,No OCDE,523.37,10.695744145652545,4892.358,26.56175,5.090216911158415,2.2160732154684126,2.907372532449486,11.296774669374805,9457873.727272727,2207919,23.342181818181817
BLZ,Belize,Latin America & Caribbean,Upper middle income,02 Medios-altos ingresos,C2. Cap. extensión reciente c/desarrollo profundidad,No peq. estado,No excluible,No OCDE,25.9655,17.55951345327843,148.09466666666668,11.340333333333334,43.553776848922176,5.194209005999795,16.980870465510748,17.908256038076154,349583.2727272727,190744.72727272726,54.576727272727275
BOL,Bolivia,Latin America & Caribbean,Lower middle income,03 Medios-bajos ingresos,C3. Cap. extensión c/peso campo,No peq. estado,No excluible,No OCDE,1529.4819,30.62032223607189,5001.9646999999995,1330.27,86.94833684791107,27.64162052769565,66.50845819926342,30.724437544673226,10846719.818181818,3467147,32.022
BRA,Brazil,Latin America & Caribbean,Upper middle income,02 Medios-altos ingresos,C2. Cap. extensión reciente c/desarrollo profundidad,No peq. estado,No excluible,No OCDE,9733.7868,10.69313466481214,91166.708,5948.9124,60.25965261204482,12.307666502654484,45.04118418291214,10.001180463993881,199969632.9090909,29016312.636363637,14.532
BRB,Barbados,Latin America & Caribbean,High income,01 Altos ingresos,C1. Cap. avanzado,No peq. estado,Excluíble,No OCDE,3.8074,2.955448551204754,128.8132,1.7312,45.58740722613683,NA,NA,NA,NA,NA,NA
BRN,Brunei Darussalam,East Asia & Pacific,High income,01 Altos ingresos,C1. Cap. avanzado,No peq. estado,No excluible,No OCDE,7.352,3.7653851462600456,200.294,2.52075,42.08650026322037,NA,NA,NA,NA,NA,NA
BTN,Bhutan,South Asia,Lower middle income,03 Medios-bajos ingresos,C4. Cap. escasa extensión c/peso campo,No peq. estado,No excluible,No OCDE,160.6355,52.56304934243011,305.7505,159.3195,99.18317066239828,4.899229445737646,35.30348195840274,56.32829362168008,731644.5454545454,453993.36363636365,62.12672727272727
BWA,Botswana,Sub-Saharan Africa,Upper middle income,02 Medios-altos ingresos,C2. Cap. extensión reciente c/desarrollo profundidad,No peq. estado,No excluible,No OCDE,155.473,24.99573953613999,621.998,113.912,73.26802724588836,29.811697974371825,52.52240039243505,19.564728965148127,2168607.4545454546,731761.4545454546,33.87927272727273
CAN,Canada,North America,High income,01 Altos ingresos,C1. Cap. avanzado,No peq. estado,No excluible,OCDE,299.06127272727275,1.681840159651789,17827.531363636364,136.15581818181818,45.47043273030333,1.2448801274787513,0.9969580871671013,1.7152035581054017,35477739.63636363,6669878.636363637,18.806727272727272
CHE,Switzerland,Europe & Central Asia,High income,01 Altos ingresos,C1. Cap. avanzado,No peq. estado,No excluible,OCDE,147.25563636363637,3.304548330419947,4467.973454545455,97.92318181818182,66.71576141121149,0,0.13116605609904752,3.308409775427481,8177561.545454546,2150443.3636363638,26.299454545454545
CHL,Chile,Latin America & Caribbean,High income,01 Altos ingresos,C2. Cap. extensión reciente c/desarrollo profundidad,No peq. estado,No excluible,OCDE,711.3200909090909,8.88944902238253,8077.653909090909,195.38927272727273,27.496998502466873,4.803208440868005,5.608706734809374,8.810603886577436,17961634.545454547,2277534.5454545454,12.687272727272727
CIV,Cote d'Ivoire,Sub-Saharan Africa,Lower middle income,03 Medios-bajos ingresos,C4. Cap. escasa extensión c/peso campo,No peq. estado,No excluible,No OCDE,3612.4202,44.626909454448125,7994.1352,3290.6027999999997,91.42905776672035,42.930276072504,84.01473146639594,45.21925745511974,24820777.636363637,12621804.545454545,50.96009090909091
CMR,Cameroon,Sub-Saharan Africa,Lower middle income,03 Medios-bajos ingresos,C4. Cap. escasa extensión c/peso campo,No peq. estado,No excluible,No OCDE,4010.586,47.548311985166144,8434.76,3807.415,94.934131820138,53.885549291913755,77.32689361387288,49.1798984895495,22176799.636363637,10169204.363636363,46.029909090909094
COD,"Congo, Dem. Rep.",Sub-Saharan Africa,Low income,04 Bajos ingresos,C5. Pequeña propiedad en el campo,No peq. estado,No excluible,No OCDE,17026.893,62.129963696052194,27405.284,16528.647,97.07377029972527,83.68572241547022,85.04226216497221,60.93426615194253,78940188.9090909,45466559.18181818,57.78454545454545
COG,"Congo, Rep.",Sub-Saharan Africa,Lower middle income,03 Medios-bajos ingresos,C4. Cap. escasa extensión c/peso campo,No peq. estado,No excluible,No OCDE,42.073,4.095672447444889,1027.255,31.473,74.8056948636893,61.14535744993627,93.84619085124976,33.1271089460503,4972506.2727272725,1730222.2727272727,34.91445454545455
COK,NA,NA,NA,NA,NA,NA,NA,NA,0.41150000000000003,5.0646640046277565,8.097,0.3365,78.75201095555289,NA,NA,NA,NA,NA,NA
COL,Colombia,Latin America & Caribbean,Upper middle income,02 Medios-altos ingresos,C2. Cap. extensión reciente c/desarrollo profundidad,No peq. estado,No excluible,OCDE,3449.1575454545455,17.150461055293572,20156.927545454546,2092.3564545454547,60.63546672361811,17.960711867481876,24.27217011427949,17.182610105683473,46746570.63636363,9617103.909090908,20.612454545454547
COM,Comoros,Sub-Saharan Africa,Lower middle income,03 Medios-bajos ingresos,C4. Cap. escasa extensión c/peso campo,No peq. estado,No excluible,No OCDE,65.938,38.00592527695482,173.494,61.062,92.60517455791803,21.510141734848105,68.82179496275134,40.07570798621152,712493.0909090909,509820.45454545453,71.58
CPV,Cabo Verde,Sub-Saharan Africa,Lower middle income,03 Medios-bajos ingresos,C2. Cap. extensión reciente c/desarrollo profundidad,No peq. estado,No excluible,No OCDE,23.833,17.921078578020932,131.618,17.937,75.38093196397843,25.877332119244016,43.99005489797611,16.317453503747753,511748.9090909091,185420.63636363635,36.23827272727273
CRI,Costa Rica,Latin America & Caribbean,Upper middle income,02 Medios-altos ingresos,C2. Cap. extensión reciente c/desarrollo profundidad,No peq. estado,No excluible,OCDE,294.2249090909091,14.106521503914715,2077.349909090909,140.1089090909091,46.627458787922095,3.009670292999701,6.012446496017986,13.9246710700534,4760760.909090909,1152475.5454545454,24.308272727272726
CYP,Cyprus,Europe & Central Asia,High income,01 Altos ingresos,C1. Cap. avanzado,No peq. estado,No excluible,No OCDE,12.706818181818182,3.3403608996019134,382.5129090909091,7.0053636363636365,54.258155527515065,0.13320579039782388,0.9316800623826822,3.3403599120571266,1200279.0909090908,394773.45454545453,32.87645454545454
CZE,Czechia,Europe & Central Asia,High income,01 Altos ingresos,C2. Cap. extensión reciente c/desarrollo profundidad,No peq. estado,No excluible,OCDE,147.148,2.920449640162502,5044.756,34.408545454545454,23.374457036885364,0.20441713906942027,0.7428450442674404,2.9206594713985092,10543042.272727273,2797884.8181818184,26.53909090909091
DEU,Germany,Europe & Central Asia,High income,01 Altos ingresos,C1. Cap. avanzado,No peq. estado,No excluible,OCDE,576.9711818181818,1.4449076194024386,40093.227,296.8811818181818,51.13546045679495,0,1.0080645161289965,1.440146977778119,81699924.9090909,18656119.363636363,22.835454545454546
DJI,Djibouti,Middle East & North Africa,Lower middle income,03 Medios-bajos ingresos,C3. Cap. extensión c/peso campo,No peq. estado,No excluible,No OCDE,1.007,1.217139058439596,82.735,0.701,69.61271102284013,50.871176871217166,81.59206586663598,1.4990878950808737,1001638.3636363636,226593.45454545456,22.639454545454544
DNK,Denmark,Europe & Central Asia,High income,01 Altos ingresos,C1. Cap. avanzado,No peq. estado,No excluible,OCDE,65.92963636363636,2.4254298544032094,2722.961363636364,30.797363636363638,46.518141196421695,0,0.4024144869215007,2.432684518810039,5661441.818181818,714775.0909090909,12.632454545454545
DOM,Dominican Republic,Latin America & Caribbean,Upper middle income,02 Medios-altos ingresos,C2. Cap. extensión reciente c/desarrollo profundidad,No peq. estado,No excluible,No OCDE,428.1798181818182,10.692194503962323,4050.383181818182,334.35990909090907,77.98098596284659,12.120558906617731,24.52223371158928,10.692199752014888,10306366.454545455,2307654.090909091,22.497818181818182
ECU,Ecuador,Latin America & Caribbean,Upper middle income,02 Medios-altos ingresos,C3. Cap. extensión c/peso campo,No peq. estado,No excluible,No OCDE,1922.3112727272728,27.601451282993075,6959.107090909091,1146.9793636363636,59.29735957011306,18.33349929304245,22.531022231429787,27.602094770060564,16051252.090909092,5894289.363636363,36.74372727272727
EGY,"Egypt, Arab Rep.",Middle East & North Africa,Lower middle income,03 Medios-bajos ingresos,C3. Cap. extensión c/peso campo,No peq. estado,No excluible,No OCDE,6403.3214,26.155894059783485,24594.939300000002,2649.275,41.007145774427286,1.8537032276714598,6.365464905508375,26.3037522766295,97453383.18181819,55698784.90909091,57.146181818181816
ESP,Spain,Europe & Central Asia,High income,01 Altos ingresos,C1. Cap. avanzado,No peq. estado,No excluible,OCDE,761.038,4.1363817135732575,18409.577181818182,321.24781818181816,42.270554046,0,0.0053648068669645,4.192196543222217,46637385.72727273,9617814.545454545,20.624181818181818
EST,Estonia,Europe & Central Asia,High income,01 Altos ingresos,C1. Cap. avanzado,No peq. estado,No excluible,OCDE,24.648636363636363,3.960555898192761,624.2411818181819,6.568181818181818,26.689022131274307,0.8990134136951582,0.8270788169073882,3.966076788749119,1322374.8181818181,418026.45454545453,31.611454545454546
ETH,Ethiopia,Sub-Saharan Africa,Low income,04 Bajos ingresos,C5. Pequeña propiedad en el campo,No peq. estado,No excluible,No OCDE,25215.52,71.03363769884606,35497.999,24466.806,97.03074138467103,69.5490996726219,95.79597253773298,69.96628380206684,101427505.54545455,82010640.27272727,80.97372727272727
FIN,Finland,Europe & Central Asia,High income,01 Altos ingresos,C1. Cap. avanzado,No peq. estado,No excluible,OCDE,100.90218181818182,4.080072755444883,2475.3771818181817,69.55127272727273,68.86998865878077,0,0.5463788792044681,4.107828229009175,5447739,825167.4545454546,15.154
FJI,Fiji,East Asia & Pacific,Upper middle income,02 Medios-altos ingresos,C3. Cap. extensión c/peso campo,No peq. estado,No excluible,No OCDE,126.338,36.8839482745141,340.279,108.7235,85.59483233249135,8.751342338151204,9.943474399289002,30.172477662487655,915280.3636363636,419046,45.78809090909091
FRA,France,Europe & Central Asia,High income,01 Altos ingresos,C1. Cap. avanzado,No peq. estado,No excluible,OCDE,729.8175454545454,2.781984430352367,26267.885454545456,358.29872727272726,48.950548617973425,0,1.1077542799597069,2.80768156555041,66161085.45454545,13621072.454545455,20.598181818181818
FSM,"Micronesia, Fed. Sts.",East Asia & Pacific,Lower middle income,03 Medios-bajos ingresos,NA,Peq. estado,Excluíble,No OCDE,12.3,34.564154442758394,35.586,11.922,96.92682926829268,NA,NA,NA,NA,NA,NA
GBR,United Kingdom,Europe & Central Asia,High income,01 Altos ingresos,C1. Cap. avanzado,No peq. estado,No excluible,OCDE,339.91672727272726,1.1085115373815586,30702.958636363637,149.26981818181818,43.98173633949132,0,0.5252256770311021,1.1440026543114727,64619597.54545455,11389614,17.644363636363636
GEO,Georgia,Europe & Central Asia,Upper middle income,02 Medios-altos ingresos,C4. Cap. escasa extensión c/peso campo,No peq. estado,No excluible,No OCDE,750.418,44.86423674440123,1674.6958181818181,730.5056363636363,97.33495774028411,11.860576934079063,22.484991589611084,44.964314104284966,3741000.5454545454,1606030.8181818181,42.92309090909091
GHA,Ghana,Sub-Saharan Africa,Lower middle income,03 Medios-bajos ingresos,C4. Cap. escasa extensión c/peso campo,No peq. estado,No excluible,No OCDE,4472.03075,41.0105251602248,10801.2975,4132.208500000001,92.08039807443578,33.189725240885366,87.01890311959076,41.45034643437551,28050226.727272727,13028656.545454545,46.60118181818182
GIN,Guinea,Sub-Saharan Africa,Low income,04 Bajos ingresos,C5. Pequeña propiedad en el campo,No peq. estado,No excluible,No OCDE,1734.84,52.0218421928554,3334.83,1699.08,97.93871480943488,49.907818613267935,85.77973467084018,63.75741985117545,11522517,7494294.818181818,65.11772727272728
GMB,"Gambia, The",Sub-Saharan Africa,Low income,04 Bajos ingresos,C3. Cap. extensión c/peso campo,No peq. estado,No excluible,No OCDE,273.411,39.186039458936875,667.64,261.98699999999997,95.43946155452493,28.64731163860634,63.10354810048616,34.51330985739428,2163658.272727273,894011.6363636364,41.51072727272727
GNB,Guinea-Bissau,Sub-Saharan Africa,Low income,04 Bajos ingresos,C5. Pequeña propiedad en el campo,No peq. estado,No excluible,No OCDE,48.0155,37.36297743090062,295.91150000000005,44.259,92.37898689295213,50.32421327541092,90.38432544885941,54.53574730313886,1743145.2727272727,1013963.8181818182,58.27218181818182
GRC,Greece,Europe & Central Asia,High income,01 Altos ingresos,C2. Cap. extensión reciente c/desarrollo profundidad,No peq. estado,No excluible,OCDE,452.50254545454544,12.036668802587336,3769.194090909091,373.91227272727275,82.62741216515938,0.0999024935701982,2.2386629698608402,12.037061436670564,10912899,2436833.5454545454,22.314818181818183
GRD,Grenada,Latin America & Caribbean,Upper middle income,02 Medios-altos ingresos,NA,Peq. estado,Excluíble,No OCDE,11.9025,9.633671377625014,121.5865,6.2455,50.52578346582959,NA,NA,NA,NA,NA,NA
GTM,Guatemala,Latin America & Caribbean,Upper middle income,02 Medios-altos ingresos,C3. Cap. extensión c/peso campo,No peq. estado,No excluible,No OCDE,1989.1985,32.26163502562199,6186.1033,1026.0055,51.75814323937327,13.401300124947909,46.59256882097361,32.384077136447836,15674900.545454545,7875991.545454546,50.30763636363636
GUY,Guyana,Latin America & Caribbean,Upper middle income,02 Medios-altos ingresos,C2. Cap. extensión reciente c/desarrollo profundidad,No peq. estado,No excluible,No OCDE,38.334999999999994,15.241064524010584,251.41649999999998,18.006500000000003,46.87674833911353,7.709197351552504,15.248092793559607,18.968841354470637,762551.8181818182,560206.4545454546,73.46609090909091
HKG,"Hong Kong SAR, China",East Asia & Pacific,High income,01 Altos ingresos,C1. Cap. avanzado,No peq. estado,No excluible,No OCDE,NA,NA,3732.5528,NA,NA,NA,NA,NA,NA,NA,NA
HND,Honduras,Latin America & Caribbean,Lower middle income,03 Medios-bajos ingresos,C3. Cap. extensión c/peso campo,No peq. estado,No excluible,No OCDE,1089.8764545454546,32.29110539111513,3396.1936363636364,526.921,48.244722820401336,14.319992581763557,29.577612969549975,32.523698295243975,9064591,4113089.909090909,45.50109090909091
HRV,Croatia,Europe & Central Asia,High income,01 Altos ingresos,C2. Cap. extensión reciente c/desarrollo profundidad,No peq. estado,No excluible,No OCDE,159.66927272727273,9.961771686911202,1590.3478181818182,126.86527272727272,76.89369250674756,NA,NA,NA,NA,NA,NA
HTI,Haiti,Latin America & Caribbean,Lower middle income,03 Medios-bajos ingresos,C3. Cap. extensión c/peso campo,No peq. estado,No excluible,No OCDE,1209.691,31.288054764461037,3866.303,1130.366,93.44254028508107,57.70796691576323,78.43181917173857,47.347945982485456,10377556.818181818,5028035.2727272725,48.586454545454544
HUN,Hungary,Europe & Central Asia,High income,01 Altos ingresos,C1. Cap. avanzado,No peq. estado,No excluible,OCDE,197.8140909090909,4.830665078866432,4090.7086363636363,64.35172727272727,32.59035257096141,0.08175780622349293,1.4301430143013931,4.827157940123683,9878730.363636363,2947177.727272727,29.825181818181818
IDN,Indonesia,East Asia & Pacific,Lower middle income,03 Medios-bajos ingresos,C3. Cap. extensión c/peso campo,No peq. estado,No excluible,No OCDE,39662.048363636364,34.18267438590707,116836.73036363636,30083.328,75.80836509334829,20.054920805531694,39.76241190467437,34.18676534459125,258421665.9090909,122248786.45454545,47.38363636363636
IND,India,South Asia,Lower middle income,03 Medios-bajos ingresos,C4. Cap. escasa extensión c/peso campo,No peq. estado,No excluible,No OCDE,168480.7805,44.931743048886176,374307.42025,162993.468,96.59728247116338,14.16014397585046,52.569279104495045,45.65443412895427,1310211640.4545455,884503371.6363636,67.55681818181819
IRL,Ireland,Europe & Central Asia,High income,01 Altos ingresos,C1. Cap. avanzado,No peq. estado,No excluible,OCDE,109.11290909090908,5.340845405880527,2054.3966363636364,83.02772727272728,76.07055055662116,2.8695785078755165,6.544800850799575,5.355460589206399,4693003.545454546,1766133.1818181819,37.650363636363636
IRN,"Iran, Islamic Rep.",Middle East & North Africa,Lower middle income,03 Medios-bajos ingresos,C3. Cap. extensión c/peso campo,No peq. estado,No excluible,No OCDE,3725.188181818182,17.282454022069572,21587.075,2903.0484545454547,77.9673504818387,8.225770602439468,23.80178548487335,17.41315766835271,81652506,22161387.727272727,27.211636363636362
ISL,Iceland,Europe & Central Asia,High income,01 Altos ingresos,C1. Cap. avanzado,No peq. estado,No excluible,OCDE,8.218555555555556,4.6668536528468385,177.71311111111112,3.1214444444444447,37.97346203966134,0,0,4.581498593691667,331850.7272727273,20968.636363636364,6.322909090909092
ISR,Israel,Middle East & North Africa,High income,01 Altos ingresos,C1. Cap. avanzado,No peq. estado,No excluible,OCDE,37.227375,1.0192971307633942,3669.741125,7.188,19.164084486579373,0,0.3382380506092204,1.1823570058830293,8239718.181818182,648529.1818181818,7.8849090909090895
ITA,Italy,Europe & Central Asia,High income,01 Altos ingresos,C1. Cap. avanzado,No peq. estado,No excluible,OCDE,846.9648181818181,3.737507269334767,22656.41909090909,421.5398181818182,49.81051499400963,NA,NA,NA,NA,NA,NA
JAM,Jamaica,Latin America & Caribbean,Upper middle income,02 Medios-altos ingresos,C2. Cap. extensión reciente c/desarrollo profundidad,No peq. estado,No excluible,No OCDE,202.9762,17.75596267057813,1146.8765,178.6195,88.00595953008148,15.071401955631515,11.67205361694063,17.319352149812392,2787954.909090909,1263836.9090909092,45.339636363636366
JOR,Jordan,Middle East & North Africa,Upper middle income,02 Medios-altos ingresos,C1. Cap. avanzado,No peq. estado,No excluible,No OCDE,76.33966666666666,3.49122686596254,2188.154666666667,10.074666666666667,13.232035709351079,3.1008156712308192,3.589947843499729,3.482105189796962,8837216.818181818,945953.0909090909,10.982818181818182
JPN,Japan,East Asia & Pacific,High income,01 Altos ingresos,C1. Cap. avanzado,No peq. estado,No excluible,OCDE,2269.9333636363635,3.5855420272830982,63399.78627272727,1514.718,66.61007882908675,NA,NA,NA,NA,NA,NA
KEN,Kenya,Sub-Saharan Africa,Lower middle income,03 Medios-bajos ingresos,C4. Cap. escasa extensión c/peso campo,No peq. estado,No excluible,No OCDE,6288.368,33.5835628761207,18724.541,4712.151,74.93440269398991,52.46628675006414,67.6217395080336,36.93027377532536,45957124.18181818,34297039.45454545,74.72945454545454
KGZ,Kyrgyz Republic,Europe & Central Asia,Lower middle income,03 Medios-bajos ingresos,C3. Cap. extensión c/peso campo,No peq. estado,No excluible,No OCDE,589.3077,25.884136273520586,2286.6834,399.0455,67.90461285423162,18.209084181451374,1.9842193158385726,30.759006860879474,5935883.636363637,3811819.3636363638,64.24409090909091
KHM,Cambodia,East Asia & Pacific,Lower middle income,03 Medios-bajos ingresos,C4. Cap. escasa extensión c/peso campo,No peq. estado,No excluible,No OCDE,3786.5901,45.61925738187385,8327.3755,3183.1268,83.32400679428912,35.045016433830384,57.02619731484141,46.83749328997254,15392494.272727273,12024403.363636363,78.17445454545454
KIR,Kiribati,East Asia & Pacific,Lower middle income,03 Medios-bajos ingresos,NA,Peq. estado,Excluíble,No OCDE,4.339,17.18620034063453,25.247,2.047,47.17676884074671,NA,NA,NA,NA,NA,NA
KOR,"Korea, Rep.",East Asia & Pacific,High income,01 Altos ingresos,C2. Cap. extensión reciente c/desarrollo profundidad,No peq. estado,No excluible,OCDE,1451.3633636363636,5.662030544733144,25761.296545454545,1263.8807272727272,86.96227724458608,NA,NA,NA,NA,NA,NA
KOS,NA,NA,NA,NA,NA,NA,NA,NA,17.03475,4.902950367315491,339.563,14.713,84.3765540319865,NA,NA,NA,NA,NA,NA
LAO,Lao PDR,East Asia & Pacific,Lower middle income,03 Medios-bajos ingresos,C5. Pequeña propiedad en el campo,No peq. estado,No excluible,No OCDE,1851.8604999999998,63.84023595032895,2884.971,1809.5704999999998,97.63432649736782,31.91417495734929,44.51204048982275,66.4228159160063,6720930.545454546,4529389.090909091,67.48336363636363
LBN,Lebanon,Middle East & North Africa,Lower middle income,03 Medios-bajos ingresos,C2. Cap. extensión reciente c/desarrollo profundidad,No peq. estado,No excluible,No OCDE,56.591,3.5486814175662587,1594.705,30.189,53.34593840009896,NA,NA,NA,NA,NA,NA
LBR,Liberia,Sub-Saharan Africa,Low income,04 Bajos ingresos,C4. Cap. escasa extensión c/peso campo,No peq. estado,No excluible,No OCDE,352.5815,33.042433796426415,1057.502,298.525,76.68760015560358,39.4824839013483,93.6448437373615,43.319329609010154,4534825.636363637,2287848.272727273,50.549727272727274
LCA,St. Lucia,Latin America & Caribbean,Upper middle income,02 Medios-altos ingresos,C2. Cap. extensión reciente c/desarrollo profundidad,No peq. estado,Excluíble,No OCDE,8.267333333333333,10.189724239458053,81.16466666666666,5.004,60.43352649286874,5.233834245454645,15.638518002800566,11.390209620439412,174021.9090909091,141650.9090909091,81.3979090909091
LKA,Sri Lanka,South Asia,Lower middle income,03 Medios-bajos ingresos,C3. Cap. extensión c/peso campo,No peq. estado,No excluible,No OCDE,2172.1133333333332,27.813829105551477,7823.837111111111,1484.6226666666666,68.33956798789654,15.291547344435173,11.741283205414177,28.78361486332852,21115730,17251082.363636363,81.69972727272727
LSO,Lesotho,Sub-Saharan Africa,Lower middle income,03 Medios-bajos ingresos,C2. Cap. extensión reciente c/desarrollo profundidad,No peq. estado,No excluible,No OCDE,192.55,29.832269979331993,645.442,141.272,73.36899506621656,35.64691173506259,61.84429677369681,31.161358135039237,2086112.8181818181,1532505,73.509
LTU,Lithuania,Europe & Central Asia,High income,01 Altos ingresos,C2. Cap. extensión reciente c/desarrollo profundidad,No peq. estado,No excluible,OCDE,109.04372727272727,8.284859538868497,1319.1295454545455,61.454181818181816,56.13434266980711,10.395804977377125,18.694091574284002,8.284866496503584,2942124.1818181816,966081.9090909091,32.82327272727273
LUX,Luxembourg,Europe & Central Asia,High income,01 Altos ingresos,C1. Cap. avanzado,No peq. estado,No excluible,OCDE,2.863272727272727,1.155779893760383,250.85872727272726,2.167090909090909,75.4327602945256,0.6125541125541218,1.233196860299742,1.2022055067427875,557237.5454545454,56403.181818181816,10.19018181818182
LVA,Latvia,Europe & Central Asia,High income,01 Altos ingresos,C1. Cap. avanzado,No peq. estado,No excluible,OCDE,69.55954545454546,7.8343979117563824,888.9522727272728,33.15563636363636,47.363850278612674,2.290247512739654,18.285454456567393,7.905285221223833,2005453.5454545454,642301.5454545454,32.023818181818186
MAR,Morocco,Middle East & North Africa,Lower middle income,03 Medios-bajos ingresos,C3. Cap. extensión c/peso campo,No peq. estado,No excluible,No OCDE,2241.69,23.43704422393523,9564.73,1449.16,64.64586985711674,46.232279644228846,34.72990943152976,36.90733198564971,34171460.81818182,13562288.181818182,39.757
MDA,Moldova,Europe & Central Asia,Upper middle income,02 Medios-altos ingresos,C3. Cap. extensión c/peso campo,No peq. estado,No excluible,No OCDE,950.709090909091,56.59173049733787,1683.7969090909091,885.1235454545455,93.0776702658571,17.520127138956838,27.462146165060915,57.03094858418922,2811976.6363636362,1614729.0909090908,57.422363636363634
MDG,Madagascar,Sub-Saharan Africa,Low income,04 Bajos ingresos,C5. Pequeña propiedad en el campo,No peq. estado,No excluible,No OCDE,7632.313,71.68236986921387,10630.91,7232.021500000001,94.77264277956988,68.29229131464261,92.78815856004681,72.65784683688163,24810773.181818184,16194321,65.44718181818182
MDV,Maldives,South Asia,Upper middle income,02 Medios-altos ingresos,C2. Cap. extensión reciente c/desarrollo profundidad,No peq. estado,No excluible,No OCDE,16.791249999999998,10.77375646977026,160.5035,10.87375,65.58313246782666,1.670143702528705,10.703275215712225,9.662430435685309,415802.2727272727,256726.0909090909,61.884454545454545
MEX,Mexico,Latin America & Caribbean,Upper middle income,02 Medios-altos ingresos,C2. Cap. extensión reciente c/desarrollo profundidad,No peq. estado,No excluible,OCDE,6730.031636363637,13.660040594337872,49361.85709090909,3523.819090909091,52.421774894746896,8.395190621621168,23.77450202431322,13.977518170456591,119352142.63636364,25037750.454545453,21.011636363636363
MHL,Marshall Islands,East Asia & Pacific,Upper middle income,02 Medios-altos ingresos,NA,Peq. estado,Excluíble,No OCDE,1.053,6.425041186161449,16.389,0.53,50.332383665717,NA,NA,NA,NA,NA,NA
MKD,North Macedonia,Europe & Central Asia,Upper middle income,02 Medios-altos ingresos,C2. Cap. extensión reciente c/desarrollo profundidad,No peq. estado,No excluible,No OCDE,116.45845454545454,16.980342295584567,690.1568181818182,100.16036363636364,85.87929752012496,2.3340781825647383,8.99409677196411,16.98778577911142,1917753.1818181819,816370.9090909091,42.56490909090909
MLI,Mali,Sub-Saharan Africa,Low income,04 Bajos ingresos,C5. Pequeña propiedad en el campo,No peq. estado,No excluible,No OCDE,3567.516,64.41514353657892,5540.04075,3334.75825,92.19446207607491,38.87329125837483,72.40467941193884,67.23988940091097,18126768.90909091,10979279.363636363,60.81554545454546
MLT,Malta,Middle East & North Africa,High income,01 Altos ingresos,C1. Cap. avanzado,No peq. estado,No excluible,No OCDE,2.31,1.169430793745786,201.001125,1.397,60.71792057362639,0,0,1.1992305695728684,443718.7272727273,25037.81818181818,5.656272727272727
MMR,Myanmar,East Asia & Pacific,Lower middle income,03 Medios-bajos ingresos,C4. Cap. escasa extensión c/peso campo,No peq. estado,No excluible,No OCDE,11252.45875,50.376281951068,22344.33425,8237.6525,73.20661980578767,36.546065904845,33.05971367572161,52.083070953483855,50661731.72727273,35605662.81818182,70.2980909090909
MNE,Montenegro,Europe & Central Asia,Upper middle income,02 Medios-altos ingresos,C1. Cap. avanzado,No peq. estado,No excluible,No OCDE,14.752333333333333,6.662371403244196,219.06222222222223,11.942555555555556,78.1780528057071,4.067770147385673,8.73718590277538,6.550022356130297,621137.1818181818,214438.54545454544,34.52554545454546
MNG,Mongolia,East Asia & Pacific,Lower middle income,03 Medios-bajos ingresos,C3. Cap. extensión c/peso campo,No peq. estado,No excluible,No OCDE,349.8556363636364,31.394706020332894,1123.3642727272727,337.5160909090909,96.51603854605924,51.77238620609554,56.62508694071771,30.702493809072383,2968943.8181818184,948518.6363636364,31.97472727272727
MOZ,Mozambique,Sub-Saharan Africa,Low income,04 Bajos ingresos,C5. Pequeña propiedad en el campo,No peq. estado,No excluible,No OCDE,7083.697,72.05750890890256,9830.616,6784.0070000000005,95.76929956207896,68.28590148774272,85.56063293245776,73.32885227807108,25924731.363636363,17097780.90909091,66.10227272727272
MRT,Mauritania,Sub-Saharan Africa,Lower middle income,03 Medios-bajos ingresos,C4. Cap. escasa extensión c/peso campo,No peq. estado,No excluible,No OCDE,283.0675,32.93411471218522,856.4945,216.7155,75.9946429414042,56.42153875952901,82.04908770102296,34.877325931273866,3858972.6363636362,1912968,49.842727272727274
MUS,Mauritius,Sub-Saharan Africa,Upper middle income,02 Medios-altos ingresos,C2. Cap. extensión reciente c/desarrollo profundidad,No peq. estado,No excluible,No OCDE,38.56336363636363,7.336199395020192,527.452,15.446727272727273,40.288335542560816,0.30779700579289226,5.397841729367713,7.368093266632045,1259029.5454545454,740969.1818181818,58.85090909090909
MWI,Malawi,Sub-Saharan Africa,Low income,04 Bajos ingresos,C4. Cap. escasa extensión c/peso campo,No peq. estado,No excluible,No OCDE,3776.378,61.36211561116301,6154.25,2420.5,64.09580820564042,38.54581453891794,69.26725228899532,65.47530778372756,16656098,13949747.090909092,83.80009090909091
NAM,Namibia,Sub-Saharan Africa,Upper middle income,02 Medios-altos ingresos,C2. Cap. extensión reciente c/desarrollo profundidad,No peq. estado,No excluible,No OCDE,179.224,26.946867672464016,667.082,116.01216666666667,63.98433870428987,29.025337869637767,82.17714943476861,26.495858222109547,2331001.6363636362,1256688.1818181819,54.17554545454546
NCL,New Caledonia,East Asia & Pacific,High income,01 Altos ingresos,C1. Cap. avanzado,No peq. estado,Excluíble,No OCDE,0.8486666666666667,0.7775045919758181,108.70066666666666,0.444,48.84488448844884,NA,NA,NA,NA,NA,NA
NER,Niger,Sub-Saharan Africa,Low income,04 Bajos ingresos,C5. Pequeña propiedad en el campo,No peq. estado,No excluible,No OCDE,3401.24875,64.1625816035663,4826.64875,3200.6185,93.4957007042379,63.212480556005026,93.25971424497585,74.08806782677004,19312535.636363637,16165696.636363637,83.71545454545455
NIC,Nicaragua,Latin America & Caribbean,Lower middle income,03 Medios-bajos ingresos,C3. Cap. extensión c/peso campo,No peq. estado,No excluible,No OCDE,876.3779999999999,31.365546464593038,2792.8915,485.0455,55.061027378723196,40.14055489956634,41.997177685720345,30.385104280987992,6067888.818181818,2564329,42.28809090909091
NIU,NA,NA,NA,NA,NA,NA,NA,NA,0.066,8.764940239043826,0.753,0.011,16.666666666666664,NA,NA,NA,NA,NA,NA
NLD,Netherlands,Europe & Central Asia,High income,01 Altos ingresos,C1. Cap. avanzado,No peq. estado,No excluible,OCDE,184.2580909090909,2.1852574880767883,8449.96309090909,102.57763636363637,55.79114935060771,0,0.10596834596836402,2.465872053311903,16903753.545454547,1778125.6363636365,10.543909090909091
NOR,Norway,Europe & Central Asia,High income,01 Altos ingresos,C1. Cap. avanzado,No peq. estado,No excluible,OCDE,58.772636363636366,2.259913664934893,2606.7077272727274,33.20272727272727,56.183200017384856,0,1.7000000000000028,2.2371655596750983,5115127.2727272725,985932.9090909091,19.315
NPL,Nepal,South Asia,Lower middle income,03 Medios-bajos ingresos,C5. Pequeña propiedad en el campo,No peq. estado,No excluible,No OCDE,1881.603,25.435808548802648,7397.457,1148.261,61.02567863677938,12.923100038254148,45.89297169586479,65.28648151694888,27732805.818181816,22674027.272727273,81.77336363636364
NRU,Nauru,East Asia & Pacific,High income,01 Altos ingresos,NA,Peq. estado,Excluíble,No OCDE,0.103,2.7055424218544784,3.807,0.044,42.71844660194174,NA,NA,NA,NA,NA,NA
PAK,Pakistan,South Asia,Lower middle income,03 Medios-bajos ingresos,C4. Cap. escasa extensión c/peso campo,No peq. estado,No excluible,No OCDE,21060.701,40.856249554161366,51561.7652,18276.4529,86.11916586998785,13.071362657930834,53.983075847119125,41.487846172831,213527355.0909091,136952166.0909091,64.17209090909091
PAN,Panama,Latin America & Caribbean,High income,01 Altos ingresos,C2. Cap. extensión reciente c/desarrollo profundidad,No peq. estado,No excluible,No OCDE,265.1418,15.649872374744906,1704.0541,183.8544,69.3186693255165,17.22673965171883,41.12627912488466,15.811531182359944,3895772.272727273,1306649.3636363635,33.595636363636366
PER,Peru,Latin America & Caribbean,Upper middle income,02 Medios-altos ingresos,C3. Cap. extensión c/peso campo,No peq. estado,No excluible,No OCDE,4465.163727272728,26.45420967504179,16890.313545454545,3388.6522727272727,75.89161660044883,27.755326062286386,50.17607038252929,26.805409987876928,30342422.272727273,6920564.2727272725,22.829454545454546
PHL,Philippines,East Asia & Pacific,Lower middle income,03 Medios-bajos ingresos,C3. Cap. extensión c/peso campo,No peq. estado,No excluible,No OCDE,10995.342625,27.799657059460273,39733.86225,6762.448375,61.387153424937686,12.36278180600155,27.765094312739706,29.239926091073897,103220667.36363636,55574469.27272727,53.87
PLW,Palau,East Asia & Pacific,Upper middle income,02 Medios-altos ingresos,NA,No peq. estado,Excluíble,No OCDE,0.237,2.6864656540467013,8.822,0.106,44.72573839662448,NA,NA,NA,NA,NA,NA
PRI,Puerto Rico,Latin America & Caribbean,High income,01 Altos ingresos,C1. Cap. avanzado,No peq. estado,No excluible,No OCDE,14.439,1.3508911446882166,1068.85,3.7479999999999998,25.95747627952074,NA,NA,NA,NA,NA,NA
PRT,Portugal,Europe & Central Asia,High income,01 Altos ingresos,C2. Cap. extensión reciente c/desarrollo profundidad,No peq. estado,No excluible,OCDE,407.85081818181817,8.66621386430526,4711.7190909090905,325.7219090909091,78.62963319654244,1.549964787130122,0.9609995354860246,8.613790462789295,10420547.363636363,3867319,37.09309090909091
PRY,Paraguay,Latin America & Caribbean,Upper middle income,02 Medios-altos ingresos,C3. Cap. extensión c/peso campo,No peq. estado,No excluible,No OCDE,707.1237272727273,22.75809928054819,3127.1142727272727,576.3104545454546,81.39139136250286,11.062351285064906,22.289361017398008,22.875895170241773,6078402.363636363,2401797.3636363638,39.554545454545455
PSE,West Bank and Gaza,Middle East & North Africa,Lower middle income,03 Medios-bajos ingresos,C2. Cap. extensión reciente c/desarrollo profundidad,No peq. estado,No excluible,No OCDE,78.50872727272727,9.11781441188144,879.2782727272727,51.44172727272727,64.39375718939849,5.201258136321513,5.703690805888002,9.395556608614623,4175884.3636363638,1035644,24.85981818181818
ROU,Romania,Europe & Central Asia,High income,01 Altos ingresos,C3. Cap. extensión c/peso campo,No peq. estado,No excluible,No OCDE,2297.981909090909,26.51660526865858,8661.449727272728,2120.444,92.01811000277472,0,32.70542195058137,26.51660833677847,19878619,9160587.818181818,46.081545454545456
RUS,Russian Federation,Europe & Central Asia,Upper middle income,02 Medios-altos ingresos,C1. Cap. avanzado,No peq. estado,No excluible,No OCDE,4763.4674,6.819313217091913,69908.101,1722.7566,35.976924009382515,10.445352410822352,32.769592330544825,6.88998958288651,144170468.36363637,37456375.09090909,25.982636363636363
RWA,Rwanda,Sub-Saharan Africa,Low income,04 Bajos ingresos,C5. Pequeña propiedad en el campo,No peq. estado,No excluible,No OCDE,2386.65975,54.724477162446945,4261.01525,1266.38825,46.42440976196884,47.344987032938825,33.965425967087995,66.25913423429026,11387734.545454545,9447045.090909092,82.96654545454545
SEN,Senegal,Sub-Saharan Africa,Lower middle income,03 Medios-bajos ingresos,C4. Cap. escasa extensión c/peso campo,No peq. estado,No excluible,No OCDE,1319.6985,33.780537580906845,3955.13375,1171.0405,89.18841821515669,36.88223709783639,60.76938509432589,33.68228757908858,14225038.090909092,7740012.7272727275,54.534454545454544
SLB,Solomon Islands,East Asia & Pacific,Lower middle income,03 Medios-bajos ingresos,C4. Cap. escasa extensión c/peso campo,No peq. estado,No excluible,No OCDE,151.195,36.732675913306075,411.609,143.399,94.84374483283177,35.636829427832865,81.69472656236414,40.25017377863432,619475.1818181818,482827.36363636365,78.10254545454545
SLE,Sierra Leone,Sub-Saharan Africa,Low income,04 Bajos ingresos,C5. Pequeña propiedad en el campo,No peq. estado,No excluible,No OCDE,1056.159,51.46844547366348,2101.938,1007.3430000000001,95.40742977391218,56.57091473384672,91.14432563303704,56.4664042022198,6883269.363636363,4092560.3636363638,59.55345454545454
SLV,El Salvador,Latin America & Caribbean,Lower middle income,03 Medios-bajos ingresos,C2. Cap. extensión reciente c/desarrollo profundidad,No peq. estado,No excluible,No OCDE,502.6205,19.00524237348843,2656.5906,248.1055,49.298263938450596,15.690344925608514,24.772910196162087,19.178841962803446,6151141.636363637,1918227.5454545454,31.21009090909091
SOM,Somalia,Sub-Saharan Africa,Low income,04 Bajos ingresos,C5. Pequeña propiedad en el campo,No peq. estado,No excluible,No OCDE,278.595,26.88614103607112,1036.203,196.577,70.56013209138713,72.34134144447063,81.78265193581174,30.425234409222174,13617983.818181818,7817132.909090909,57.61036363636364
SRB,Serbia,Europe & Central Asia,Upper middle income,02 Medios-altos ingresos,C2. Cap. extensión reciente c/desarrollo profundidad,No peq. estado,No excluible,No OCDE,499.4968181818182,19.66004682658161,2562.1890909090907,440.8972727272727,88.17566554127714,5.500304654039468,4.769177895746267,19.666149112568355,7131909.181818182,3169755.909090909,44.43745454545454
STP,Sao Tome and Principe,Sub-Saharan Africa,Lower middle income,03 Medios-bajos ingresos,C3. Cap. extensión c/peso campo,No peq. estado,Excluíble,No OCDE,2.488,11.816670624554737,21.055,1.192,47.90996784565916,31.58652425605787,70.58127995522754,13.968172268962064,196289.72727272726,60491.181818181816,30.995
SUR,Suriname,Latin America & Caribbean,Upper middle income,02 Medios-altos ingresos,C1. Cap. avanzado,No peq. estado,No excluible,No OCDE,14.299,7.538446127972753,189.681,8.643,60.44478634869572,10.628680497006798,25.57610886302251,7.413535104934522,575014.9090909091,194606.45454545456,33.83990909090909
SVK,Slovak Republic,Europe & Central Asia,High income,01 Altos ingresos,C2. Cap. extensión reciente c/desarrollo profundidad,No peq. estado,No excluible,OCDE,58.408454545454546,2.40845810764906,2425.8495454545455,12.622909090909092,21.327624334733777,0.47249748671549696,3.422841220898434,3.036750016043347,5419144.363636363,2486058.272727273,45.874
SVN,Slovenia,Europe & Central Asia,High income,01 Altos ingresos,C2. Cap. extensión reciente c/desarrollo profundidad,No peq. estado,No excluible,OCDE,68.463,7.269803314755223,943.9541818181818,59.52309090909091,86.33266095759234,NA,NA,NA,NA,NA,NA
SWE,Sweden,Europe & Central Asia,High income,01 Altos ingresos,C1. Cap. avanzado,No peq. estado,No excluible,OCDE,93.063,1.9456892539363713,4798.170363636364,57.449363636363636,61.753037394441684,0.793659375675702,0.9014290728185159,1.955221181501281,9743253.363636363,1336806.2727272727,13.750181818181819
SWZ,Eswatini,Sub-Saharan Africa,Lower middle income,03 Medios-bajos ingresos,C2. Cap. extensión reciente c/desarrollo profundidad,No peq. estado,No excluible,No OCDE,37.674,12.90364565494376,291.964,17.445,46.30514413123109,42.9129260639217,38.5966092500558,14.038142261813146,1138555.0909090908,874910,76.85427272727273
SYC,Seychelles,Sub-Saharan Africa,High income,01 Altos ingresos,NA,Peq. estado,Excluíble,No OCDE,1.5911666666666666,3.679992250182292,43.63016666666667,0.5315,33.51457511726188,NA,NA,NA,NA,NA,NA
TCD,Chad,Sub-Saharan Africa,Low income,04 Bajos ingresos,C5. Pequeña propiedad en el campo,No peq. estado,No excluible,No OCDE,3024.411,70.38529314842017,4296.936,2984.505,98.68053647470532,61.468076428491706,94.7852193822328,71.81943718495967,14207170,11008957,77.53427272727272
TGO,Togo,Sub-Saharan Africa,Low income,04 Bajos ingresos,C4. Cap. escasa extensión c/peso campo,No peq. estado,No excluible,No OCDE,1009.6066666666667,39.34646345019638,2532.921,988.8489999999999,97.75867345955582,52.80391930734001,93.36544108594302,36.3931994693046,7487275.181818182,4512058.545454546,60.395545454545456
THA,Thailand,East Asia & Pacific,Upper middle income,02 Medios-altos ingresos,C3. Cap. extensión c/peso campo,No peq. estado,No excluible,No OCDE,12803.74775,34.13307158965945,37568.646125,10761.034875000001,84.01992621187588,2.089731338050086,2.895442248075142,35.71159803361877,70060407.9090909,37189982.81818182,53.12172727272727
TJK,Tajikistan,Europe & Central Asia,Lower middle income,03 Medios-bajos ingresos,C4. Cap. escasa extensión c/peso campo,No peq. estado,No excluible,No OCDE,720.3205,34.67342694948873,2110.7705,339.9465,47.8543354374834,32.15801146846839,4.637587168261646,49.070762330414084,8459657.454545455,6194172,73.23945454545455
TLS,Timor-Leste,East Asia & Pacific,Lower middle income,03 Medios-bajos ingresos,C4. Cap. escasa extensión c/peso campo,No peq. estado,No excluible,No OCDE,203.43125,55.84540492979495,365.62625,168.03725,84.63593980088531,34.74262406105369,58.10722680905487,49.597602162797244,1181018.2727272727,835935.2727272727,70.85300000000001
TON,Tonga,East Asia & Pacific,Upper middle income,02 Medios-altos ingresos,C3. Cap. extensión c/peso campo,No peq. estado,Excluíble,No OCDE,11.428999999999998,32.94779540800148,34.597,9.557500000000001,83.16790021881437,1.596243890140073,8.13413165424555,31.533356884272518,106502.81818181818,81694.72727272728,76.70763636363637
TTO,Trinidad and Tobago,Latin America & Caribbean,High income,01 Altos ingresos,C1. Cap. avanzado,No peq. estado,No excluible,No OCDE,22.46242857142857,3.645003939038367,617.043,12.194714285714285,54.30617219806957,NA,NA,NA,NA,NA,NA
TUN,Tunisia,Middle East & North Africa,Lower middle income,03 Medios-bajos ingresos,C2. Cap. extensión reciente c/desarrollo profundidad,No peq. estado,No excluible,No OCDE,508.01,15.407171526206257,3302.284,275.4463333333333,53.94065987661529,16.63187801411067,19.560231606985653,15.6707435935434,11268183.909090908,3625824.1818181816,32.20918181818182
TUR,Turkiye,Europe & Central Asia,Upper middle income,02 Medios-altos ingresos,C3. Cap. extensión c/peso campo,No peq. estado,No excluible,OCDE,5436.767181818182,21.290793991800808,25733.451727272728,4809.466090909091,88.47123403724305,6.160374363361541,11.700061672745193,21.290598994152592,77246009.36363636,20785498.90909091,26.980727272727272
TUV,Tuvalu,East Asia & Pacific,Upper middle income,02 Medios-altos ingresos,NA,No peq. estado,Excluíble,No OCDE,0.6875,18.841814353237098,3.3289999999999997,0.469,52.971599166189925,NA,NA,NA,NA,NA,NA
TZA,Tanzania,Sub-Saharan Africa,Lower middle income,03 Medios-bajos ingresos,C5. Pequeña propiedad en el campo,No peq. estado,No excluible,No OCDE,9423.492666666667,46.04500186506177,20592.996333333333,8944.008333333333,92.3002924261224,63.0611221754903,83.34138961090758,68.27787360207614,50825603.45454545,34993970.27272727,69.07063636363637
UGA,Uganda,Sub-Saharan Africa,Low income,04 Bajos ingresos,C5. Pequeña propiedad en el campo,No peq. estado,No excluible,No OCDE,8875.732166666667,66.63909332068064,13337.5115,8167.758333333333,92.02968905827765,61.72596714840932,83.33380188832993,71.75491017501139,36758179,28773455.09090909,78.44909090909091
URY,Uruguay,Latin America & Caribbean,High income,01 Altos ingresos,C2. Cap. extensión reciente c/desarrollo profundidad,No peq. estado,No excluible,No OCDE,147.85727272727271,9.252227816766805,1603.4438181818182,48.68681818181818,33.01201481835929,10.29482713470955,6.259107262955396,9.254210893693424,3356367.8181818184,170910.81818181818,5.095363636363638
USA,United States,North America,High income,01 Altos ingresos,C1. Cap. avanzado,No peq. estado,No excluible,OCDE,2518.2368181818183,1.7110369524946,147129.12781818182,829.1104545454546,33.052139385220165,2.6365809111727287,0.5043016173197259,1.7110370960400991,318191556.3636364,58816381.27272727,18.497363636363637
VEN,"Venezuela, RB",Latin America & Caribbean,99_Sin_datos,99_Sin_datos,C2. Cap. extensión reciente c/desarrollo profundidad,No peq. estado,No excluible,No OCDE,989.584,7.809748966948846,12701.456333333334,542.689,54.682162806388874,NA,NA,NA,NA,NA,NA
VNM,Vietnam,East Asia & Pacific,Lower middle income,03 Medios-bajos ingresos,C4. Cap. escasa extensión c/peso campo,No peq. estado,No excluible,No OCDE,22821.72290909091,43.91251586945374,52131.02981818182,20579.59990909091,90.10817615492142,10.657793872599825,29.626787728133593,43.95985544079141,91777996.81818181,61279869,66.85145454545454
VUT,Vanuatu,East Asia & Pacific,Lower middle income,03 Medios-bajos ingresos,C4. Cap. escasa extensión c/peso campo,No peq. estado,Excluíble,No OCDE,55.28633333333333,57.17971110678785,97.074,50.724,91.40025746524366,15.379695230023799,51.87947944615065,57.34490889945795,261090.63636363635,196124.9090909091,75.14127272727272
WLF,NA,NA,NA,NA,NA,NA,NA,NA,0.022,0.5853757920424002,3.8529999999999998,0.008,32,NA,NA,NA,NA,NA,NA
WSM,Samoa,East Asia & Pacific,Lower middle income,03 Medios-bajos ingresos,C3. Cap. extensión c/peso campo,No peq. estado,Excluíble,No OCDE,16.067,34.82530770424605,44.423,14.914,91.12111447489889,8.137791432773412,5.053865690530003,29.524277064951573,200191.81818181818,161880.27272727274,80.8419090909091
YEM,"Yemen, Rep.",Middle East & North Africa,Low income,04 Bajos ingresos,C3. Cap. extensión c/peso campo,No peq. estado,No excluible,No OCDE,1226.271,29.219601590853472,4196.741,829.566,67.64948367856698,56.23819528389799,64.24039566691577,28.02340334674739,30344892.363636363,19913350.272727273,65.80745454545455
ZAF,South Africa,Sub-Saharan Africa,Upper middle income,02 Medios-altos ingresos,C1. Cap. avanzado,No peq. estado,No excluible,No OCDE,773.7073636363637,5.027464794053491,15346.335727272726,19.970909090909092,2.6218048922586,22.059535386736556,35.03059121975032,16.131675825677384,55540282.18181818,19788968.818181816,35.70381818181818
ZMB,Zambia,Sub-Saharan Africa,Low income,04 Bajos ingresos,C5. Pequeña propiedad en el campo,No peq. estado,No excluible,No OCDE,3155.0756666666666,58.64127437736939,5381.573,2949.668666666667,93.48075285876901,55.70097219748062,76.62701139183154,57.381833682109246,15940360,9312278.363636363,58.58345454545454
ZWE,Zimbabwe,Sub-Saharan Africa,Lower middle income,03 Medios-bajos ingresos,C5. Pequeña propiedad en el campo,No peq. estado,No excluible,No OCDE,3622.789,65.15287998458541,5544.532,3231.0266666666666,88.82945468321279,48.13878481753667,66.77504773620706,65.94308199502777,14204675,9572397.818181818,67.37109090909091
